,ID,Comment
0,              문복희 Eat with Boki            ,"안녕하세용 오늘은 야들바삭한 텐동에 칼칼한 김치우동까지 가지고 왔습니당! 온천 달걀 추가는 필쑤✨튀김은 붕장어, 꽈리고추, 연근, 팽이버섯, 김, 새우, 가지, 고구마, 오징어, 단호박, 전복까지 엄청 다양하고 푸짐해서 먹는 재미가 있더라구용 희희특히 김튀김이 적당히 짭짤한게 제 스타일이였고 붕장어도 살이 두툼하고 부들부들해서 너무 맛있었어요! 믿고 먹는 새우튀김도 겉바속촉 제대로,, 🙃👍🏻신발을 튀겨도 맛있다는데 증말 채소 하나하나 바삭바삭한게 너무 좋았어용😚살짝 느끼할 때는 김치우동 한입 먹어주면 다시 시작할 수 있쥬?밥에 단짠단짠한 간장 살짝, 후리가케 살짝 뿌려서 섞어준 다음 튀김이랑 먹으면 그냥 행복 그자체~😇 오늘도 잘 먹었습니당🙏🏻💕Hello everyone ! This is Boki🤗Today, I brought crispy ten-dong and spicy kimchi udon!There were so many kinds of fried food that it was fun to eat😚Especially, the fried seaweed was moderately salty, and the eel was very delicious because it was thick and soft! Fried shrimp also very moist and delicious👍🏻It was perfect to eat kimchi udon when it was a little greasy!Perfect combination today🥳Enjoy your meal too🙏🏻💕"
1,              RED ASMR            ,I love the crispy sound 😍
2,              chanhee_cutie            ,"It’s the legendary “Anyeonghasaeyo, Boki-yo!”"
3,              Ju Liang            ,Who is watching this with empty stomach and the thought that you can never eat something like this ;-;
4,              ASMR Fresh            ,Let’s see how many people loves eat with Boki 🙋🏻‍♀️😍
5,              BTS ARMY SANIA            ,Boki:I'll officially start eating now!!Me:gurlll you already ate more than half of it😂
6,              Mrs Mini Purple            ,Who else randomly started watching and now have became the biggest fan of her
7,              Genevieve Bogawit            ,"Her signature ""Ill officially start eating now""😂"
8,              Hippo ASMR 입큰하마            ,Let's see how many Boki international fans are here 💜
9,              unknown            ,Others: earn to eat Muckbangers: eat to earn🤣😂🤣😂🤣
10,              ZUU MUKBANG            ,Yuumy 😘😘
11,              Sunilkumar G            ,No one:Literally no one:Not even jimin's lost jams:Boki: saying I'm officially start eating now after completing 3/4th of the food
12,              matsu            ,its confirmed that i love boki in such unhealthy amount and i aint complaining
13,              chanhee_cutie            ,Boki is so beautiful even when she’s eating😭
14,              Radhika Chaweria            ,Boki complementing the food Food be like : These words make us more afraid of boki's hole
15,              Jep            ,One of the cleanest mukbang content creator
16,              Mary Kim            ,FAN FROM THE PHILIPPINES🇵🇭🇵🇭 💖
17,              Maria Criselda Gallardo            ,"At 7:24, Boki is like, ""I'll officially start eating now."" 😅😜😂😁🤣So, she's just doing a taste test earlier?? 😜😅😂😁🤣"
18,              chanhee_cutie            ,Let’s see how many international fans are here💕
19,              sena'            ,Oruçluyken izlenir gibi 😽🔫
20,              KuRoNuma Kaze            ,She's always advertising the food💕
21,              Haru-ya's dan oh            ,I am early😅😅😅 I really love the  crunchy sound when you eatRamadan Mubarak to all my Muslim friendsLots of love from India❤❤❤🇮🇳🇮🇳🇮🇳Please try Indian Food
22,              Gesture            ,Her smile is beautiful
23,              eren's hoes            ,6:33 This is the first time Boki drop her food tho and it's cute XD I watched her from beginning but never seen her accidentally dropping her food lmao
24,              Aigera Akman            ,🇰🇿🇰🇿🇰🇿❤️
25,              rx            ,“I’ll sprinkle on some furikake”also boki: spill half of the bowl
26,              MA. ROSYLYN A3 CUIZON            ,my day is  not perfect when i can't watch boki eating
27,              afsheen kaka khel            ,I love how clean Boki is with her food 😭💙❤️❤️
28,              andrew pawley            ,Tuesday night with Boki!
29,              Shahaira jane Delgado            ,Uhhh how do you eat so clean know Wonder they call you the Queen of mukbangers/ASMR queen 👑👑👑Btw always watching your vlogs💗💗
30,              Squisshy            ,Watching this while fasting 😭😭😭
31,              francia sauceda            ,I lost it when the fried seaweed broke😂
32,              Dhanvita Basavaraj            ,Its actually really funny how her haters have also subscribed 😂 Her haters are more faster than her fans xd
33,              Hart Paja            ,"Everytime I feel down, "" annyeonghaseyo, boki-ieyo"" keeps ringing in my head 😊"
34,              Chris ASMR 크리스            ,The assortment of your meal looks elegant and just delicious! Burning with desire to eat all this right now 🍓💕
35,              its _sh39            ,انـا صايمـة في رمضـان 💔💔💔💔💔💔💔💔
36,              ぴょん            ,天ぷらには醤油より麺つゆかポン酢が合うよ〜(  ᷇࿀ ᷆ )⤴︎ ⤴︎韓国に麺つゆっぽいものがあるかは謎w
37,              Michelle Angeles            ,Who loves Boki here?🙋‍♀️🥰I'm always waiting for her upload videos🥺
38,              Bts love            ,I love that crunchy ness
39,              Chay bato            ,Why does korean’s makes everything look yummy when they’re eating it
40,              Vanessa Muliya            ,Thought something was wrong with my internet when I didn't get the notification at 2 exactly 😅
41,              Hanna Nicole Dialimas            ,Imagine getting a heart from Boki ❣️❣️
42,              Aigera Akman            ,5-минут назад😍I’m from Kazakhstan❤️Salem Korea
43,              NIVEDITA            ,I know I have to suffer through every video boki posts but I still seem to watch it 😅
44,              Elizabeth Belford            ,2:47 the surprise upon dropping it💔🥺
45,              메이플유저            ,자네...한국인을 찾나?
46,              Qian Jing            ,EARLY! Boki's big bite 🤤
47,              GIRÜ kitsune            ,I luv the crunchy sound UwU
48,              Marie Flora            ,Amo tanto Mukbang que fiz um canal assim 🍜🍜🍜🍕🍕🍕
49,              KIᗰ ᑫᑌTᗩఌ            ,چەند فانی کوردی بوکی لێرە هەیە  و بە هەمومانەوە هیواداریین ژێرنوسی کوردیزییاد بکەیت😊
50,              sıkıldım evde aq            ,I'm fasting and I'm torturing myself by watching videos like this🥺🤝
51,              This Guy Telmen            ,Watching Boki eat is my daily routine.
52,              imelda ringo            ,That part when Boki pick up the bowl and drink the broth ..... that is soooooo satisfying ... ❤️❤️
53,              POE            ,Completely satisfied when i watch it with 2× .
54,              MilkyWay Girl            ,Hey ! Boki I love ur videos. I am watching this video while fasting(Muslims dont eat while fasting from the first prayer to the 2nd last one. In this special month) And i gotta use head phones so my sisters dont get hungry😂
55,              Yağmurstudy            ,Oruçluyum ve mukbang videoları izliyorum çünkü ben malım:)
56,              ᄋPhannh            ,Vốn từ vựng tiếng Việt của Boki càng ngày càng nhiều ^^
57,              Lisa kookie            ,Get yourself someone who'll look at you just the way Boki looks at her food. 😌
58,              Kim Airra Datinguinoo            ,been a fan for almost 3 years now 😍😍😍
59,              ROBIN WANGY            ,HEY PUASA HEY JAN NONTON SAMBIL PUASA !!!
60,              ROZERİN ACIOĞLU            ,"Aaaahhh 44 minutes ago !!!!Boki , you're the queen of mukbang 👑Love from Turkey ❤❤❤"
61,              Jas For Life            ,"I love watching the way you open, grind and chew food in your mouth Boki! Fan from the Philippines."
62,              Nabila Nirjhor            ,Boki's food looks so yummy 💜💜💖
63,              Riya Sparkles            ,"It's super calm...Boki... if u see this, then pleaseeeeee reply~~~~"
64,              stressed multi            ,Bokiiiii cutieeee
65,              Shariq Ahmed            ,Early asf like a lightning bolt ⚡️😜❤️
66,              Hannah Gomez            ,"Boki = The best asmrist, cute and just AMAZIN (PERIODT.)"
67,              Azizah Mila            ,6:33 i was shocked too 😂
68,              しゅい            ,天丼ビジュアル最高すぎ
69,              Akana Padma            ,I'm early today ❤️ lots of love from india
70,              Bint Hasan            ,youre smile is so 𝑪𝒖𝒕𝒆!!💜
71,              YUI LAN            ,ふりかけかけすぎでびびったw
72,              Salvador Correlo            ,I noticed you ate too fast but I realized I actually clicked the times two speed
73,              wendy wu            ,boki's videos are so well made !! the audio and definition quality are soo crisp !! love ur videos <33
74,              Twiceu Bang!트둥이 짱!            ,6:32 I also shocked when her food fall down 😂 cute Boki unnie
75,              mamta gupta            ,6:32...Oooo my god... At this point... U r looking so cute 💓
76,              Yssa Rabe            ,i'm from the philippines 🥰 i love the way you eat
77,              Leiy Piad            ,"mafia in the morning, mukbangers at night🥰❤️"
78,              smilegorgeous            ,"HIIII, im earlier than i thought, teehee and drink lots of water ok!!😡❤️ I LOVE U <3"
79,              Jonalyn Gajol            ,Me:I wanna Eat that tooBoki : Keeps on slurpingGetting hungrier every minute while watching😂
80,              阿波野べる            ,ふりかけバサバサーってかけるのびっくりした(笑)
81,              Maryam Anwar            ,is it normal cause I’m watching this in Ramadan whilst fasting. :>
82,              Natasha Belle            ,If Boki start cooking it’s over for all other mukbangers lol ☺️☺️
83,              SSONG ASMR            ,Great video. You make me hungry when I see your video. You are so beautiful 🇰🇷💜
84,              Elen Garcia            ,A fan here from the 🇵🇭..💖
85,              Rushaa Noordally            ,I clicked soo fast wow amazing as always
86,              little angel            ,"i'm Chilean, and I love your videos. 💖✨"
87,              A. Jasmine            ,6:34 her reaction is so cute
88,              にーたろーげ            ,デカ盛り天丼ww😂
89,              sad night            ,I love u Boki 💖❤️💓💗💕You are so good ❤️❤️
90,              ぴえん            ,日本料理食べてくれるの嬉しいです❤
91,              Kim Ji Hoon            ,Now I’m so hungry 😭😭😭
92,              白咲まりん            ,ふりかけ雑すぎて量えぐくてわらったꉂ꒰笑꒱箸を持つのか素手で持つのか(´^ω^｀)
93,              Ishanika Taye            ,I so want to eat everything but it will all be wasted.😭
94,              ᴍɪʟᴋ ɢɢᴜᴋs            ,And here comes boki's big bite!~
95,              ぽぺてぃ            ,天丼にふりかけ🤭
96,              yu - cha            ,天丼には天つゆかけて食べるのをオススメしまーす☺️絶品ですよ♪
97,              tw r            ,복희 입천장 다 까진거 아냐? 겁나 바삭바삭하네 소리 존좋
98,              desylyn gallano            ,U know you wore your earphones wrong when it doesn't follow boki's coke's sound.
99,              Meghna Vaddadi            ,"Dear Boki, your videos are so calming and soothing, I always watch them to feel at peace and it really helps me sleep well with a smile on my face. Thank you for being who you are and making these videos!"
100,              海月            ,天丼あんまり好きじゃないけど、ボキちゃんが食べてるの見たら食べたくなってきた🤤
101,              a k            ,天丼にふりかけはさすがに天丼が泣く（笑）（笑）
102,              Fatima Khan            ,This looks so good. I feel so hungry all of a sudden (✿´‿`)
103,              Himanshu Arya            ,Love You Queen of Mukbangs BOKI 💞💞
104,              Maria Gena Poledo-Shepherd            ,Mukbang champion the one and only pretty BOKI.
105,              SSONG ASMR            ,Legends who are NOT LAYING on the bed BUT heavily doing Student Assignments? 👇🏻🇰🇷💜
106,              TRY 808            ,Boki is honestly the top or the best Mukbangers out their keep up the good work
107,              mvaiex            ,please do more convenience store food mukbangs!!! i love them sm<3
108,              Onkaa Tau            ,the things i would do for that food😍😍😍❤
109,              me kim            ,boki is just too cute i love her ❤️😘
110,              먹방하는 똥표            ,02:46 새우 두 마리 🦐🦐
111,              Ana Luiza Borges            ,*boki notification: a me: omgggg <3
112,              chaeng. laurent            ,It really is hard to taste those along with my peanut chocolate bar at 2am
113,              Akshu Rane            ,Boki is so pretty💜🥺
114,              zryan Mhamad            ,سارانغهي Love you❤❤❤❤
115,              ちゃんま            ,この時間に見たの間違いだった🥺お腹すいた🥺🥺🥺am3:00
116,              MJ Saga            ,My favorite korean vloger mukbang❤️❤️❤️😍
117,              HHT HahoeTal MUKBANG ASMR            ,Phone vibrated...Your new video notiflcation...Clicked immediately without thinking...🇰🇷💜
118,              Merlinemonroe Pacquing            ,Just finished dinner yet my stomach seems empty 😤😤🤣
119,              peachylalalalisa            ,"I'm early again, dang that crisp sounds so good!!"
120,              YYY            ,美味しそうだけど胃もたれやばそう。。😭😋
121,              Kaori Miyazono            ,Bts new single will be released 21 may 1pm kst ( butter )
122,              Jærëd            ,I so freakin’ have a thing for fried food 😭💖
123,              frzd            ,boki can you please film a video of you making/preparing/getting the food like a vlog? I’d love to watch it 👉👈
124,              Jeanny Mary            ,i really love to see her eating.
125,              amelya deniz            ,"💜아주 아름다운 여동생, 당신의 손에 건강💜"
126,              海月            ,ボキちゃん今夜も最高のモッパンありがと✨✨✨😌❣️
127,              Tapati Saha            ,"Woaahh, I came within 28 sec.🌻🌞🌻🌻🌞🌞"
128,              hana jj            ,Thank you for eating japanese food🥰日本の食べ物食べてくれて嬉しい‼︎
129,              Bts love            ,LOVE IT😍😍😍
130,              Shariq Ahmed            ,Nobody:Literally nobody:Me: Watching this video while fasting 🥺😩
131,              Annisa Islam            ,3:13 ‘Bokihole’ 😂😂😂
132,              Niki_Ereri            ,"""Annyeong haseyo, Boki-yo""Awwwwww 정말 놀랐습니다. 건강을 유지하십시오. 인도네시아 팬들의 인사"
133,              Lorrie Lanham            ,Ok THIS was the BEST video since the come back! I ♥️♥️♥️ the sounds and the food looked so delicious 😋 Thank you Boki!
134,              Randa Mcgahee            ,The smile u give when u love the food says a lot💯💯u are actually confident and proud of your craft🥰🥰
135,              T M            ,字幕がいつも面白い🤣バンジー！
136,              Roberto Avila            ,that food looks sooooo good its making me hungry
137,              Solar Moon            ,Now I'm hungry again
138,              jaeahyun            ,boki you always have a very big bites but never get chocked.. how? 😭😭
139,              Maureen Grace Rabino            ,You look like Kang Sol the short haired in LAW SCHOOL 😅😅😅
140,              ほのちゃ            ,いつも美味しそうに食べているのを見て凄く食欲をそそられます！天丼は天つゆで食べないのが驚きでした
141,              Asim Aslam            ,This is also a funny mukbang
142,              Park Jirose            ,"I love you very much, I wish I had a chance to see you in Azerbaijan 🥺"
143,              Jera Mei Legaspi            ,please do a Jollibee mukbang!!😽
144,              Akshu Rane            ,I already had my lunch but I'm hungry again🥺
145,              bea비비빅            ,와 튀김소리...미쳤다
146,              nvrk11            ,"I HATE asmr. Like people chewing loudly is a TRIGGER and it gives me chills and it makes me uneasy..BUT I CAN WATCH THIS GIRL EAT FOR HOURS!!! SOMEONE EXPLAIN THIS TO ME!!! I am obsessed, I love her!!!"
147,              Lavanya Dissanayake            ,I absolutely love how you finish your food.. it’s super satisfying ♥️
148,              5:14            ,yesss thank you boki!
149,              Erine Sahureka            ,Yuhuu~ i'm not late :)
150,              anujin saintuya            ,People never hate boki💓
151,              Epik Mooshroom Froggy            ,Omg I'm so early!! Btw I'm a big fan:)
152,              اولَيفيا 𖤍.            ,وضع الصايمين 🤡🤡 😂😭
153,              Jenny Garcia            ,Love the foods in your table. Its so satisfying to hear the crispyness.
154,              mew mew            ,Hey ma'am international fan here💚💚💚💚
155,              체리쥬글래            ,와 텐동... 안 들어올 수 없는 비주얼
156,              Yessub ASMR            ,Please let me know how many people love Boki !!👇🏻💜
157,              Innellson Jimmy            ,I love you bite❤️
158,              Madison G            ,Boki is my favorite mukbanger （＾ω＾）
159,              it's Itsna            ,"the temptation of the fasting month, but it's okay if I'm full just watching you eat hehe"
160,              Lê Bảo Ngọc Trương            ,I love you Boki. Love you 3000 <333
161,              Resmaye Yusifova            ,Wery beautiful
162,              ᄒᄋᄅ            ,6:32 아개귀여웤ㅋㅋㅋㅋㅋㅋㅋ❤🍓
163,              Chelsea Shafa            ,I cant handle boki’s cuteness😍😍 you’re so cute🥰
164,              Ressa Jamelo Guadamor            ,Watching this at this very moment is torture 😂😍😋 12:56 AM Philippine time! 😩😁
165,              김도링            ,보키 1일1영상올려줘ㅠㅠㅠㅠ우리 복희 잘먹는거 세상사람들알아줬으면🙏🏻🙏🏻❤️❤️❤️
166,              joyciee            ,Yeyy
167,              Shhe Hd            ,Boki is super cute =))
168,              수수수옥            ,복히 사랑해
169,              ᄒᄋᄅ            ,7:23 아니 언니...이제부터 본격적이면 대체 얼마나 먹을수있다는건데😢
170,              잼잼            ,메뉴선정 미쳐따 증말 ㅠㅠ 튀김 바삭바삭소리..❤️
171,              fouroverfour            ,"When you wear your ""crunchy food sweater"" I know it's gonna be good.6:14 for the best crunch!"
172,              Jane Uyesato            ,I love the crispy sounds you make when you eat those delicious looking foods! Yummy!
173,              Hayley B            ,"Love seeing all this yum sounding food that I had no idea even existed in your videos. Also, super crunchy :D"
174,              Buki Monster            ,The food you eat is absolutely delicious!!! Watching this makes me miss Korea sooooo much!!! 😭😭😭😭😭
175,              서영            ,이 언니 구독자 엄청 빨리 느네 ㅋㅋㅋㅋ 곧 600만..
176,              성이름            ,이 밤에.. 미쳤다…
177,              Nansbbgrand            ,"6:33 OOPS! 😬😅 😆😂🤣 Love you, Boki! You’re one in a million!😄👍♥️♥️"
178,              Farah N.S            ,I really want to try Korean fried foods😭 especially Kim Mari and Goguma Twigim😭Mandu looks really good too😻
179,              Semanur Erden            ,I love yolu❤️❤️❤️
180,              알람시계            ,바삭바삭 소리 무슨일이야.... 아니 그리고 텐동 저거 몇인분이에요...? 짱커....
181,              kid.344            ,6:32 definently the best part xD
182,              Eman Hassoun            ,We need some snacks ❤️
183,              中尾広子            ,いつも凄く美味しそうなお料理ですが、誰が作っているのですか？
184,              Althea Alba            ,Fan from Philippines 😄😄💖💖🖐️
185,              웅웅            ,튀김 사운드 미챠따....언니 너무 맛있어보여서 저죽어요ㅠㅠㅜㅜㅜㅜ플레이팅도 미챠따
186,              سمسم سمسم            ,اكيد العرب هنا وميتين جوعانين  العراقيين أخص 😂
187,              Taekookies            ,I really love the way you eat 😍
188,              Sudin Aryal            ,Yeeehahhh🤠😙🔥🎊
189,              BORA ASMR 보라            ,I love the crispy sound of the fried food!!!♡♡♡♡
190,              라라라라라라ᅡᄅ            ,튀김소리 개조아ㅠ 빠삭한거 가끔 드셔주세여
191,              8A_Refi            ,6:34 omg 😭🤣🤣❤️
192,              Aesthetic Cat            ,Lots of love Boki and take care of your health. ❤😊
193,              Himanshu Arya            ,Congratulations for completing 2 years 🎂🌸💞
194,              JGEM ASMR            ,Food is ten times better when Boki is eating it.
195,              Seonhui Han            ,복희 오늘도 100점 만점에 500점이야..
196,              Magara Rajan R.S            ,The way you handle the food and eat is really good my fav mukbanger Mrs Boki
197,              Shafrina Azzahra            ,Love from indonesia 😍🇮🇩🇮🇩
198,              三ツ石麻衣            ,一口が大きいところやっぱ好き😊天ぷらのサクサクの音が最高です😌💓
199,              ᄏᄏᄏ            ,하 조합 미쳤다 김치우동 진짜 먹고시픔ㅜ
200,              SOOLJI술지            ,와 오늘 와 미쳣다 와
201,              ayebee            ,SARANGHAEYO💜💜💜
202,              Kamai Juhanah            ,0:52 start eating ^_^
203,              Tannie            ,"i love you unnie, stay safe and stay healthy!💜🇵🇭"
204,              귤탱구리            ,아 소리 장난아니다 ㅜㅜㅜ
205,              J H            ,진짜 역대급 사운드 ㅜㅜㅜㅜㅜ
206,              Denver Estrada            ,Love From🇵🇭🇵🇭🇵🇭🇵🇭🥰🥰🥰🥰🥰
207,              Jenifer Handog            ,It looks delicious I wanna try it so bad😭
208,              森嶋帆高            ,そんなに大きな天丼もそんなに赤いうどんも初めて見ました！！どんどんなくなっていくのが気持ちいい
209,              만두볶음            ,와 텐동에 우동 조합은 못참지..
210,              SJ K            ,메뉴선정 오졌다리
211,              Keizy Minette Regua            ,Boki looks like Kim Chiu 😍 HAYS YOU ARE THE BEST MUKBANGER 😫 I always watch your videos
212,              Apgan Anggara Septiana            ,"I've been waiting for your vlog, can't wait😊🤗indonesia🇮🇩💞"
213,              아에이오우            ,역시보키하면 튀김..ㅠㅠ
214,              Life Miracle Foods channel 探秘美食            ,"Yummy Foods , enjoy your delicious food! 💜"
215,              김해솔            ,아.... 겁나맛있겠네 진자............ 김튀김 위에 이것저것 올렸다가 와르르 떨군 거 귀엽닼ㅋㅋㅋㅋㅋㅋㅋㅋㅋ 원테이크 얼른 보고싶음
216,"              Teacher Danna Lukman, MSE-ESOL            ","This looked VERY, VERY GOOD. I am fasting and I would love to eat everything there! 😉"
217,              ama ris            ,Just ate my dinner but it still makes me hungry
218,              예르뀨            ,먹으면서 찡그리는거 진짜 찐맛잇을때 짓는표정.. ㅋㅋㅋ
219,              Jennah Lopez            ,Craving for tempura rn.
220,              준면이귀여워            ,텐동 완전 푸짐하당 진짜 맛있어보임ㅠ
221,              Elmar Luna            ,I L💜💜💜💜💜💜💜💜ve you more than enough M🌙on Boki🥰🥰🥰🥰🥰🥰🥰🥰🥰🥰
222,              내놔냥이            ,6:31 귀엽희
223,              농농            ,"와 텐동 클라쓰가,,"
224,              Jm Oliveros            ,You're the only one mukbanger I watch 'til the end. 😋😋 I love you boki. From PH. 🇵🇭
225,              혀니현            ,"와아 튀김 쌓여있는 거 대박이에유 ..🥴💛 텐동 위에 튀김 저렇게 잔뜩 쌓아두고 맥주랑 먹다가 느끼할 때 김치우동 한 입씩 먹고 싶다 ,,,,,💛🧡 복희님 조합천재 말해 모해,, ㅠ💛"
226,              Sylwia Koziuk Zrodlo            ,Pozdrawiam ♥️🙏👍👍👍
227,              Nailaarr            ,I've eat a lot and now suddenly get hungry bcs of this vid 😭😭😭
228,              길을잃었다            ,많은 먹방을 봐왔지만 소리에 있어선  이 분야 갑....bb
229,              Mishi            ,i loved the crispyness ❤︎
230,              함현빈            ,진짜 너무우우우이뻐어엉
231,              Xiara Manuel            ,That looks good!
232,              sanu            ,Love u so very much ❤️
233,              ARMY YUNA            ,Saraneè🥺💘
234,              Dede Wini            ,I like watching him eat heartily and eat without the thought of eating a lot of fat I hope you can reply to my comments I am from Indonesia I'm really heavy pen￼
235,              니냐뇨            ,진짜 메뉴선정 최고.....
236,              Ayano            ,天丼美味しそう💓💓💓
237,              님콩            ,예쁘다!!
238,              Aling Aling            ,Love you boki 😍
239,              Jinnie캘리뽀냐이여사            ,와~ 우동이랑 튀김 최고의 조합 😍😍👍🏻👍🏻👍🏻👍🏻
240,              뭘봐            ,언니 오늘 고정댓 왜캐 귀여웡ㅋㅋㅋㅋㅋㅋㅋㅋㅋ
241,              möcä            ,天丼は…うな丼とかにもかかってる甘ダレかけて食べたいな…🥺
242,              Selena Cole            ,Your big bites are neat & satisfactory! 👍💕
243,              Cicilia Iawphniaw            ,So satisfying to watch 😌
244,              21세기            ,2:44 ㅠㅠㅠㅠ♡♡
245,              whfmdk            ,튀김 진짜 맛있겠다ㅠㅠㅠ
246,              Adrian Morris            ,"Hi Boki, I’d like you to try Salvadoran food. I think you would enjoy Pupusas, Sopas & Mango drinks etc."
247,              Hidayat Mendoud            ,As Always Love you from Algéria♥️🍓😘🌷
248,              si-nyaa n            ,ふりかけ多くない!?😘
249,              ESS1 M            ,문복희님 먹는모습이 너무예쁘시네요.
250,              김yoyo            ,하 튀김으로 입에 기름칠 좀 해주고 뜨끈하고 칼칼한 김치우동으로 입안 씻어내리면 진짜 행복하지..
251,              혤닌            ,이시간에 이런먹방은...감사해요 ㅠㅠ
252,              Kids Heart Home            ,Amazing as always 🌹🌹🌹
253,              Sexy Love            ,My favourite asmr vlogger 😘💜 keep safe unnie😇💜💜More vedios to upload 😚☺
254,              이규현            ,요즘에 복희님을 구독했는데요 소리 미친거같아요....잘기전에보면 너무 잠이 잘와요
255,              김혜지            ,김튀김 부서진 이후 계속 웃고계심ㅋㅋㅋㅋㅋㅋㅋㅋ그나저나 김치우동 너무 맛있겠다ㅠㅠ지금 비도 오는데 이런 날에 김치우동 딱...
256,              z z            ,튀김 좋아하지도 않는데 걍 미쳣다 다이어트 중인데 멘탈 튀겨진다
257,              Sanaz Aamina            ,I really love her smile.
258,              Houng Mary            ,Can you also show us how to make cuz it look so gooddddd
259,              강보람            ,참..😭👍
260,              미지            ,"튀김은 신발을 튀겨도 맛있을거라는데..,, 다 먹어보고 싶당🥺"
261,              سنيوريتا سنيوريتا            ,الصايم وجوعان يكعد بصفي ينتضر الاذان 💔🙂
262,              its pani            ,"looking forward to the latest video❤️❤️, warm greetings from Indonesia ❤️❤️"
263,              행복추구자            ,"Tonight, I knew that you came back: )Because this is my new account, I could not hear the news; )I subscribed you againAnd I hope your muckbang lasts for a long time to come.Lastly, I missed your muckbang so much; )"
264,              cris isip            ,My tummy ahh!!I love your vids i watch them everyday when im not hungry anyways<3
265,              최은혜            ,꿀조합 미치겠다ㅠ❤️오늘도 이쁘게 잘먹는다요❤️
266,              angie lee            ,You are officially eating already 😀
267,              lloyd ninian            ,I just started watching you  yesterday but damn im starting to be a fan of yours… ..you make me crave girl…… .
268,              Giatisak Lasom            ,เป็นยูทูปเบอร์คนหนึ่ง ที่กินยังไงก็ไม่อ้วน.
269,              Dutt van Erbse            ,🤗 Boki 🤗 you are sooo cute ❤ yummy dinner 😋😍🎵
270,              danse macabre            ,"조합 대박이쥬,, 느끼할수도 있는 텐동을 김치우동으로 승화시키는 맛잘알 조합ㅠㅠ 잘 봤습니당❣"
271,              Biyah8            ,i wish i could try all of the food you eat!
272,              Momina Zubair            ,너의 멋진 보키❤️
273,              Manisha Singh            ,After watching your videos I always feel hungry even I am full😂😂
274,              혠타콩            ,앜 오늘 튀김소리 미쳤다....ㅠ 맥주껴서 먹구 싶네요 🍺
275,              언니나다섯살이야            ,언니도 준며들엇구나...
276,              Frances Nicole Rabanillo            ,The food looks soooo goooood!!!
277,              실이TV            ,무희수 완전 귀여운 😭💙
278,              장태주            ,하 쉬발 보키야 존나 사랑한다
279,              민트맛탕            ,저 결국 튀김이랑 김치우동 시켰어요.....
280,              냠냠            ,메뉴선정이 진짜...
281,              Josette LeNández            ,Always a pleasure to watch your videos! Thank you.
282,              Sollah Amor Lifestyle            ,I so like it and made me real hungry and i really like the way you eat it though!..you're so amazing!
283,              ハーコブレイク            ,今日も美味しそう！
284,              CK DRAMA OST WORLD            ,💗💗💗💗💗
285,              찌미콩            ,"머야 진짜 미쳤다 가게 어딘지 너무 궁금합니다요,,,"
286,              memzie soup            ,bookkkiie❤️❤️❤️❤️❤️ i love u so much
287,              paarururu            ,I love the sounds!
288,              Vaishali Kshirsagar            ,I am a big fan for boki 😍
289,              Ewura Akua            ,Love the way you eat always leave here hungryHaven’t been here so early before watching from west Africa
290,              무지부부까리한데            ,언닝 오늘도 비쥬얼이 장난 아니시네요❤
291,              JEREMY IVANDER            ,love boki everyday
292,              suneesh mohanan            ,❤️❤️❤️
293,              Bts love            ,Love your ASMR Boki❤❤
294,              Mon Amoure            ,I love the way you eat❤️ so good to watch your videos.😍🤗 Filipino fan here🤗
295,              언니나다섯살이야            ,아악 계란 ㅠㅠㅠ 진짜 사랑스럽다
296,              Anut Tong            ,You so cute 🥺
297,              홍크Honk            ,와 오늘 소리 미쳤어요🤤🤤🤤
298,              Himanshu Arya            ,One of the best mukbang of yours. You are looking as pretty as always.
299,              MrRenegade2000            ,"I see Boki eat, I smile 😊. Me happy and hungry  😁"
300,              ki ko            ,진짜 메뉴선택이 너무 좋음
301,              ぴぴ。            ,和食💙💚💛💜❤💗💖
302,              Kuroneko ASMR            ,Amazing like always!! 😍
303,              Mimi Shamimi            ,You look so cute when you smile... 💖❤💖❤
304,              Chika            ,天丼食べたくなってきた🥺！ふりかけは新発想✨
305,              s kl            ,제목에 역대급 붙인거바 넘 맛잇엇나봐.... 나 낼 시험 마지막날이야 언니 ㅜㅜ 이거 보고 백점맞을게이이잉
306,              minnu anu            ,❤️
307,              ᄆᄆ            ,꾸덕한 아이스크림 퍼먹어주세요 ㅠ
308,              Kdiebeu Cijdwhwu            ,these help me with my appetite 😊❤️
309,              Lamar Thompson            ,"Everything   looks   so  yummy,  U  can  really  hear  the  crispness  and  the  crunchiness  of  it  all. I love  it  🤗😋"
310,              가나다라            ,튀김탑 떨구고 화들짝 놀라는거 넘 웃겨요 ㅋㅋㅋㅋㅋㅋㅋㅋㅋㅋㅋㅋㅋㅋ
311,              Ling Ling            ,Your food looks so Good❤
312,              와구와구 오동동 WaguWagu O Dong-Dong            ,The food looks delicious!!!!!
313,              lude Inter            ,꺄 텐동 ! 복히 오늘두 사랑해 ❤
314,              bunga angel jelita            ,Team notif from Indonesia 🤗
315,              조아라            ,ㅠㅜㅜ 어쩜 플레이팅 고수야
316,              ᄉᄒ            ,오늘 메뉴 초이스 너무 굳....ㅠㅠㅠ 진짜 느끼할때 김치우동 넘나 완벽한 조합ㅠㅠㅠㅠㅠ
317,              Sharmishtha Sangamwar            ,Sending you so much love from India 🇮🇳 ❤ ♥ 💗 hope you always eat well.
318,              Xiaomi Redmi            ,"I like you so much,boki is the best❤️"
319,              Erlinda Deguzman            ,Good evening boki 💖nice to see you again watching you eating yummy foods😍💖Be Safe Always💖God Bless🙏🙏🙏
320,              불나방            ,볼 때 마다 느끼는 건데 음식 조합 최고인듯
321,              Cak Tomo            ,Bokiiiii love from indonesia 💕
322,              Oculus boy 32            ,Hi Boki 🥰🥰 I love your videos Queen of Muskbang’s
323,              น้ำพริก พัชรินทร์            ,Love u from Thailand💖💖
324,              KOMERICAN            ,소리가 진짜 갓 튀긴 새우를 바사사사삭 하는 소리가 나요ㅕ ㅋㅋㅋ
325,              호박고구마            ,헐 텐동에 김치우동이라뇨 제자 제일좋아하는 일식조합!아까 제육볶음먹었는데도 먹고싶어서 침 질질흘리면서 봤네요...ㅋㅋ
326,              S. Hee            ,"9시 됐는데 안 뜨길래 쬐끔 서운쓰 할 뻔ㅠㅠ 큐앤에이는 언제 올라오나유???  복희에 대해서 궁금한게 너모 많은뒤,,,"
327,              川崎美佳            ,ぼきちゃんのご飯っていつも美味しそうだけど、自分で作ってるのかな？それとも買ってきているのかな？天ぷらサックサクで美味しそう🥺💕
328,              JUNKIM ASMR            ,Let's see how many Boki Brazilian fans are here 💜 Oi~~
329,              Eat with Lina ASMR            ,😍We enjoy watching you eat this meal!! Thanks Boki!! ❤️
330,              smilegorgeous            ,6:33 press f for the accident 😌✊🏻
331,              감자            ,"아앗,, 오늘 진짜 튀김 먹고 싶었는데 대리만족 진짜 장난아니네여... 복희넴,,, 오늘도 맛있게 잘 봤습니당"
332,              Taekookies            ,Anyeong haseyo unnie
333,              Hanzhelle Ebarola            ,Your so pretty  boki 😍🥺
334,              가나다라            ,텐동 진짜 언젠간 먹어보고 싶은 음식... 파삭파삭 식감이 영상으로 다 느껴지네용 오늘두 잘 보고 가요!!!
335,              고래고래            ,복희 사고치고 은은한 미소 걸려있는 거 너무 귀여움ㅋㅋㅋㅋㅋㅋㅋㅋㅋㅋㅋㅋㅋㅋ 김튀김 와르르멘션
336,              모모쿠            ,씹고 삼키는 소리 넘 좋아요
337,              Lal Hmangaihzuali            ,Love it ❤️
338,              Just One More            ,"I don't know how can you eat all that food, but wow! Amazing!"
339,              이가            ,소리 개미쳤다
340,              김예서            ,언니 영상 보고 항상 대리만족하고 있어용🤗
341,              Zahra Bhaiji            ,When you watch the video and finish it then realize u werent first to comment cuz u watched the video😪😢
342,              Min yoongi Suga            ,TAKE CARE ALWAYS I LOVE YOU ❤️
343,              cc            ,今日の献立どうしようか悩んでいましたが天ぷらに決定です。ありがとうございます。天ぷらサクサク美味しかったです(σ*´∀｀)ありがとうございました✨
344,              아임꿀복 갬성주부일상Daily life of baby            ,튀김소리 우왕 ㅜㅜㅜㅜㅜㅜㅜㅜㅜㅜㅜㅜㅜㅜㅜㅜㅜㅜㅜㅜ 미침 원래 면순인데 텐동이 뭔지 몰랐는데 이래서 좋아하는구나 사람들이....이래서 복희언니가 사운드를 하는거야 ㅜㅜㅜㅜ
345,              윤자몽            ,역시 조합천재...ㅠㅠ 김치우동에 튀김이라니 ㅋㅋ 튀김 소리 너무 좋다 바삭바삭 🥰
346,              Maira Alvarado            ,<3
347,              금순이            ,어쩜 이리 맛있게 묵는지
348,              공실이            ,배곺파..
349,              Kaniz Fatema            ,Queen of mukbang I love your videos.
350,              슈슈            ,언니도 준며들었구나
351,              Vegan Eats            ,Those big bites 😯😍
352,"              -HK; SV,            ",귀여우어ㅓㅓ
353,              이루지            ,그렇쥬. 맛있는 거 먹다가 떨어뜨렸을 때 세상 놀라쥬~😁😆😂
354,              언니나다섯살이야            ,ㅠㅠㅠㅠㅠㅠㅡㅠ 분명 존버탓는데... 분명zzz...
355,              첸첸            ,6:33 아 귀여웡 우ㅠㅠㅜ
356,              Yari Yari            ,في حد زيي مش فاهم اشي الا ان الاكل منظره بشهي
357,              도신            ,소리 무쳤다 텐동 마렵네 ㅠㅠ
358,              케찹            ,바삭바삭 대박이덩..
359,              언니나다섯살이야            ,내일 시험 조지고 올게..... ㅠ 그런의미로과학마저하러감
360,              윤은지            ,사각 사각 씹는 소리 듣기좋네용 ㅎ기회 되시면 회 먹방부탁해용 ♥^^
361,              배추배            ,아 미쳤어ㅜㅜ 내가 제일 좋아하는 텐동이라니😋 오늘도 역대급이다~~
362,              유말랭            ,시험기간에 힐링하네용 언니 사랑해염
363,              Mhmad Shboul123            ,لا اله الا الله محمد رسول الله صل الله عليه وسلم
364,              John Brown            ,At 6:35: FUMBLE!!!❤😄
365,              밍머            ,깜짝놀랜 보키 넘 기여워유 🤍
366,              alishba tarakzai            ,SARANGHAIYO UNNI LOVE FROM PAKISTAN
367,              임예슬            ,헐....갑자기 우동 땡기네요ㅠㅎㅎ진짜 이름답게 너무 복스럽게 드셔서 배에서 꼬르륵..
368,              Clariz Torres            ,Hello! So yummy❤️
369,              정은희            ,오늘도 정말 맛있겠다ㅠㅠ언니 입이 얼마나 크신거에요?...ㄷㄷ언니 한입만 영상 다봤는데 봐도봐도계속 깜짝 놀래용ㅎㅎㅋㅋ
370,              Salona            ,Waaaw let's see how many someone when him love boki
371,              Yssa Rabe            ,"hi , i always watch your video ever since you start uploading asmr 🤩"
372,              바다꽃            ,💛💛💛 먹방유트버 중에 문복희가 제일 좋아
373,              isrnice            ,"Kakak ini muka nya perpaduan antara naeun apink sama aktris jo boah ga sih, cangtip bangets elahhh 😘"
374,              언니나다섯살이야            ,내일 시험 시작인데... 걍 언니 영상 보는 중 ❤️❤️
375,              Hippo ASMR 입큰하마            ,0:53 Start eating
376,              Fatma Nur Baranok            ,To watch and get hungry in Ramadan 🤪
377,              Brooke Wilson            ,Early boki finally!!😭
378,              Ulivi Shohe            ,Second?Sending love from India💖
379,              동먹방            ,복희님 항상 배우고 가요 언제나 ㅎㅇㅌ!!
380,              にょん            ,ｳﾜｧ───( ﾟдﾟ)───ｧｧ!!!美味しそう！(   ᷇﹃  ᷆  )いろんな天ぷらがあって飽きずに食べれそう！
381,              Blanca Ramos            ,👍
382,              PaHoua Channel            ,Always always making it look so good!!!!
383,              김은비            ,오늘도 맛있는 조합이네요
384,              Himanshu Arya            ,Saranghaeyo Luvmun BOKI 💞💞
385,              Shariq Ahmed            ,Who else loves Boki and wants to meet her in person ? 🤗😍🥰😘❤️
386,              언니나다섯살이야            ,언니 감자탕...
387,              kim shoruq            ,당신은 멋진 소녀와 매우 아름다운 행운과 성공은 항상 사랑하는 팔레스타인에서 당신을 따라 계속 나는 당신을 매우 사랑 🇵🇸🇵🇸🇵🇸😘😘😘😍😍انتي فتاة رائعة وجميلة جدا جدا جدا بالتوفيق والنجاح استمري دائما متابعتك من فلسطين الحبيبة احبك جدا جدا جدا 🇵🇸🇵🇸🇵🇸😘😘😍😍😘
388,              Tae K            ,와... 진짜  맛있겠다.. 입에서 침이 주르륵 흐른다... 쩝..
389,              Sabina Sultanova            ,아주 좋은 ablaa
390,              우비            ,장어구이 장어덮밥마제소바 반쎄오 쌀국수 월남쌈영국식 스콘 빅토리아 케이크퐁실한 팬케이크등등등보고싶은 메뉴 적어봤어요..ㅎㅎ
391,              sanu            ,Love u r videos 😍☺️
392,              Nhi Lê            ,Love Boki <33
393,              케로로            ,즐겁게 잘 봤습니다
394,              ゆい            ,당신의 동영상을 보면 내일도 힘낼 수 있다…💗✊
395,              ぴ!            ,天丼とうどんって日本ぽくてうれしい~❕最近天ぷらしんどくて食べられないけどこの動画見てたらめちゃめちゃ美味しそうだな…🤤🤤
396,              Shahroz Kabir            ,Love you boki❤️❤️❤️ keep it up❤️
397,              서희            ,언니 오늘 메뉴도 최고... 이거 보고 허기짐 달래고 갈게요 🥺💖💖
398,              Jin Harem            ,Boki unnie SARANGHEO!!! 🥰❤❤❤
399,              Shariq Ahmed            ,ILYSM Boki. Sending you all the love from Pakistan 🇵🇰🥰😘💜Where in the world are you guys from ? 🌎😊
400,              cow daddy            ,❤️❤️❤️ who else loves boki??
401,              김혜림            ,복희언니 너무 이뻐용♥
402,              rahaf amer            ,사랑해 ♥️♥️
403,              99瞳            ,天丼にふりかけ&つけ醤油斬新だぁ～！！天ぷらの音が凄く良くてお腹すくなー
404,              ateezherseyim            ,I LOVE YOU!!
405,              マヨ            ,韓国の天ぷらは日本の天ぷらとはまた違う食べ物なんだろうな…途中で落としてちょっと戸惑ってるの可愛い💠
406,              Yumi            ,Tasty !
407,              jUst 4 fUn            ,..One of the great mukbanger of all time.. Ms. Boki.. 🤗
408,              나는멋쟁이            ,역시 👍👍👍먹방 여신 👍😍최고 최고 👍😍넘이쁘다 정말 최고얌
409,              이정현            ,소리가 ㄹㅈㄷ네
410,              PRINCESS CONSUELA            ,It's the smile after eating each peice for me 🥺👓🤏.
411,              소정            ,맛있게다...🤤🤤
412,              허필립            ,원-테이크 버전 보고 왔습니다 :) 축구 경기를 극적인 장면만 모아놓은 것 보단 생중계를 풀 버전으로 보는 게 더욱 재밌는 것처럼 원 샷 버전이 마음에 듭니다.
413,              장세령            ,언니~♡복희언니 사운드 많~~이!해줘요~♡언재나 재미있게 보고있고 사랑행♡☆
414,              kim lea            ,조합이 진짜 미쳤다ㅠ 튀김 먹는 소리 넘 좋아요... 낼은 나도 비슷하게 먹어야지... 배고프다ㅏㅏㅏㅏ
415,              Eliana Puha            ,"솔직히 말해서, 난 당신이 오늘 무엇을 무엇을 했는지 조차 모른다... 하지만 당신은 완전히 특별한 소녀입니다..! 행운을 빌어 요. 당신을 사랑해요!"
416,              Ling Ling            ,Love u unnie❤
417,              머인마            ,요즘 편집 잘하네 뱉는모습 찾기힘들다
418,              Marielle Castro            ,"Hi Boki, from Philippines ❣️"
419,              Sarah-Leigh Theron            ,💜💜💜
420,              えんま大王            ,今度は〝天つゆ”を付けて食べてみてください！
421,              Fiona Gildo            ,yummy!
422,              평범            ,복희 님은 항상 복스럽게 먹고 입도 커서 잘 삼키는게 너무 쉬원하고 한편으론 또 귀여우심 ㅜㅜ 진짜 인생 유튜버다 ㅜㅜ
423,              모지            ,0:52 !0! 김튀김은 처음 들어보는데...맛있을것 같네요👍🏻그리고 제가 아까 엄마가 해준 비냉 먹었는데... 이영상을 보니 배가 고파졌어요🤤오늘도 야식이닷...🤣
424,              홍삼            ,맛있겠다 ㅏ ㅏ... 나 다이어트 중인데... 언니 너무한거아냐 ㅜㅜ
425,              Shariq Ahmed            ,Who else is watching this video while fasting right now ? 🙋🏻‍♂️😋
426,              듀겅            ,ㅠㅠ 귀요엉
427,              장경수            ,정말 맛있게 드시네요.
428,              Marcus Bryan Mayor            ,I love you boki 😊❤️
429,              심심shimshim            ,김치우동 지짜 맛있겠다..이시간에 반칙이야아ㅠ 근데 텐동???맛있낭?약간 튀김느낌쓰?오늘도 잘보고강♡
430,              nana            ,天丼にふりかけはかけないよ！
431,              엄기준            ,♥♥
432,              이정민            ,오늘도 잘 보고 가요☺김치우동 너무 먹고싶다ㅏㅏ..🥺
433,              Vony Marinda            ,"Apa cuman aku org Indonesia yang nonton dia mukbang jadi ngiler parah,mana puasa lagi😂"
434,              Lama vid            ,Always looks so good ❤❤
435,              어어어어아어어어ᅥ            ,얘가 잘못을 했든 말든 니들은 얘한테 뭐 후원을 해줌? 논란생겨서 보기 싫으면 보지 마세요 누가 보라고 시켰나
436,              BLACK MØØD            ,I love youu💖💞💞
437,              [서이]TV            ,김치우동!!! 면 좋아하는데 너무 땡기자나😱😱😱
438,              김씨            ,김치우동 미쳣다......
439,              Shannen Montaña            ,Feel hungry again althou were done eating dinner🤤Boki😍😍😍😍sending love from Philippines❤❤❤
440,              bee            ,first
441,              Natalina Silva            ,👍👍🇧🇷
442,              Amreen Hussain            ,Looks delicious 😋
443,              Алаш Баласы            ,Боки салем карын тоятын кун барма сенде?😅🌹
444,              강슈크림            ,왕 마시게따... ㅠㅠ
445,              유유            ,오늘두 복스럽게 먹는 복희언니!!!!♡♡❤ 진짜 맛있겠다ㅜ  ㅠ
446,              홍도영            ,너무 맛있어 보이네요💕💕
447,              popo po            ,보키가 바삭한거 먹을때가 젤로조아ㅠ ㅇ ㅠ 뱌샥🍤
448,              Tarza            ,Hiiiiii i'm from kurdistan ♥️ yummmy 😋💗
449,              4B06鍾孟呈 CHUNG SARAH PARCO L.            ,我是香港人🥰
450,              설혜            ,"These days👍👍👍, I like it because I don't😶 edit it when I swallow it❤❤❤(요즘에는 삼킬때 편집 안해서 좋아요 !)"
451,              민트맛탕            ,와............. 진짜 맛잇겟다ㅠㅠㅠ
452,              윤학수            ,음식을 맛나게 먹는것도 복입니다 한이주전에 복희먹방을봤내요 소리가 그대로 들려서 보면서침이넘어가요
453,              stan ᴇɴʜʏᴘᴇɴ cause they r talented yikes            ,Sorry im late😓Happy eating:D
454,              陶田泰代            ,韓国の天丼は、ふりかけなんですね😌❤️
455,              ライライ            ,キムチうどん私もためしてみます
456,              Aica Hermoso            ,Hello Boki noticed me from the philippines😁🥰🥰😘
457,              Ling Ling            ,Saranghae❤
458,              머리큰유노            ,와 맛있겠다...😢
459,              차차ChaCha ASMR Shirtless상의탈의MUKBANG            ,소리 대에박 완전 바삭자삭 맛있겠어요~~^^
460,              핑후            ,오늘 저녁은 우동! 먹어야 겠어요ㅠㅠ
461,              Rjean gomez            ,Hi my queen Boki 😘🥰 eat well..and God bless..
462,              김수진            ,역대급이라 ㅋㅋ
463,              NINYBEE ASMR            ,That looks good and hunger!😋
464,              감자            ,"가지튀김,,,? 복희님 가지 좋아하시나요,,?"
465,              김소영            ,1시간전..! 늦었지만 언니 넘 맛있게 드세용..ㅠ  저도 한번 먹어볼게요! 그럼 유튜브 화이팅!!
466,              ARMY YUNA            ,Mashikepta😋❣
467,              Marie Garcia            ,Love you boki 😘
468,              soknea khim            ,haha i always watching before sleep😐
469,              Meraa hope            ,You are so pretty 🦋
470,              김뿌분            ,휴...내일 점심은 텐동으로....
471,              김석진김석진은 잘생겼습니다            ,당신 정말 예쁘 💖💖
472,              민트초코쪼아!            ,엄청 맛있어 보여요!저도 왠지모르게 먹고싶어지네요...
473,              셸림            ,꺄악 맛있겠당!! 오늘도 군침 도는 비쥬얼 😆 복희 언니 사랑해염 💖🌈
474,              Roger Rogermore            ,I wish I could taste all of that 🤤🤤
475,              권채은 Alice            ,바삭바삭 소리가 크으!!
476,              김하윤            ,언니 너무 예뻐요 😍💗💕❤
477,              白咲まりん            ,サクサク〜天ぷら食べたくなってきました〜🤤✨✨うどんもいいなぁ！　なんでも影響マン〰️🥲💭💕
478,              Kayla Germinal            ,The food is really appetizing😊
479,              포도            ,진짜 맛있겠다 배고프다ㅜㅜ
480,              대프리카            ,♥♥♥♥♥
481,              Loren Kikon            ,I love it ❤❤
482,              샌두의집 Sandu House            ,하악~~~ 텐동 너무 좋죠~♡ 내일 점심은 텐동이다!!
483,              Ynah Librea            ,Hello miss boki ur so pretty 🥺🥺
484,              neil baltazar            ,Eat with boki so beautiful ❤
485,              ARMY Raya Brnb Plms            ,Your so beautiful!!
486,              TRISA KOLE            ,Please make a video on Indian food🥺❤
487,              Amanda G            ,You should definitely start showing how you cook it. Makes me hungry for all the things you eat.  Lol
488,              깔꼼스            ,맛있겠어요  바삭바삭  소리도  듣기좋아요  잘보구  가요
489,              ㅎㅎㅎㅎㅎ            ,김치우동 맛있겠다ㅜㅜㅜㅜ!!!! 🥺💕
490,              꾸리꾸리쿠카쿠카ᄏᄏᄏ            ,ㅠ공복인대ㅠ
491,              비아            ,역대급 리얼사운드라니...😭😭넘오 좋아요
492,              만두만두만두            ,언니 노란옷 넘 잘어울려!
493,              Spandana            ,Boki will u do convience store mukbang pls no one will do as your mukbang yours are soo satisfying.
494,              Mariz esparcia            ,"나는 boki의 소개를 따르고, Aneyonghaseyo boki oh 😆😆. . I love watching your vlog.볼 때마다 배가 두드려 배고파"
495,              맨날 33에서틸트함            ,1분전은 못참지 오늘 치킨 뜯고 보는 중
496,              Sela            ,buat konten mukbang nya ampir tiap hari tapi badan nya tetep keliatan kurus🥺Andai aku begitu😭
497,              An Phạm Đức            ,yummy^^
498,              Mari K            ,악 미쳤다
499,              kane kim            ,복희🤗🤗🤗
500,              ALIFA_SARA            ,언니 넌 너무 아름다워❤️
501,              dahyun _dubu            ,😍💖✨🌸precious
502,              최정우            ,한입만 5탄해주세요 ㅠㅠㅜ
503,              희원;            ,오오
504,              katana yoo            ,Boki unnie! HELLO ❤️
505,              Hakim Lee            ,언니가 좋아하는 인도네시아 음식이 있어요? 인도네시아 음식 먹방 좀 해주세요
506,              즐거운유진            ,너무 굿굿!!🙂
507,              이구아나            ,와........ 배고파... 생리통 땜에 아무것도 못 먹고 있었는데 언니 먹는거 보니까 대리만족 되네요!!!
508,              여자친구 버디            ,으아...먹고싶다...야식 시켜먹어야 되겠응...복희님!! 오늘은 야식먹는날!
509,              Sanfa Abdurahmaanfnf            ,satisfying 🤤
510,              우츠노미야시온이            ,잘먹는댜 이쁘게
511,              Genevieve Bogawit            ,Yum❤
512,              Ryo Mon            ,天ぷらのサクサクとした音に、久々に天ぷらを揚げたくなりました♪😊
513,              별하            ,언니기다렷어욤 맛있겠다
514,              Engeline Aleksandra Nsengiyumva            ,I’m so hungry🤤😍
515,              소녀슛            ,보자마자 배고프다
516,              garlicco            ,"Thank you for your video❤I'm Japanese and I hasn't known the combination ten-dong with sprinkles!!!(Japanese often eat it only with a sauce for ten-dong.)I'm glad to know the combination!!  I'll try it, too😋♡"
517,              알 사디틀림            ,넌 내 여동생처럼 보입니다. 나는 이라크 무슬림 🇮🇶 당신을 따르고 있다
518,              heyy stobbb ittt            ,그리워boki
519,              kung kamy            ,The crunchy sound.. Yummy
520,              nanosh as            ,Big love for you Boki my name is Nour from Syria love you so much 😍😍😍😍❤️😘
521,              구미김은영            ,너무 맛있게보여요~~
522,              Friendly Love            ,"Разве может желудок человека столько вместить, да еще и колой запивать)"
523,              Daniel Rpeea            ,Love u soooo sooooooooo soooooooooo  much bokiiiii ❤️❤️❤️❤️❤️❤️❤️❤️❤️❤️❤️❤️❤️❤️ let's eat again 😋😋😋
524,              Marilou Velarde            ,hello watching from Philippines
525,              deegii deegii            ,yum😍🔥
526,              뀨뀨            ,항상 조합 너무 체고...😢언니 먹는거만 봐도 배불러잉ㅜㅜㅠㅜㅜ
527,              Geshana Naidoo            ,That's deep fried prawns look amazing
528,              santi widiew            ,"Hello, im from indonesia. I like your videos, but when you eating like a smile."
529,              りかさん            ,えぇーーーめっちゃ美味しそーー🤩🤩🤩天ぷら良い感じにあがってサクサク😋食べたいよ🙌🙌🙌
530,              윤나영            ,입이 엄청 커서 잘들어거네요!대박!
531,              星蜜千代鷹            ,天丼！最高ですね！てんつゆも美味しいけど、韓国はお醤油とふりかけ？なのかな。
532,              Bernard vai            ,Love your videos:)
533,              박민주            ,엉니 15분에 알람 떠서 지각일까봐 너무 심장 떨렸어요... 텐동은 한번도 안 먹어봤고 김치우동은 아는 맛이라서 더 미치겠군여오늘 엉니 착장은 귀염뽀짝 병아리 같으셔.. 전 밤 새가지구 피곤한데 언니 영상은 절대 놓칠 수 없쥬 오늘도 언니 보면서 힐링하고 갈게여♡♡
534,              LEZIEL ANN LUCERO            ,From Philippines 🇵🇭 hahaha chaarrr gutom na ako Boki 🥺
535,              김선희            ,아니 복희님 ...텐동 스케일 무엇이냐구여 대박적이다 세상에 .....튀김이 가지각색이네 ㅠㅠㅠㅠㅠㅠㅠㅠㅠㅠ맨첨에 반숙란 그냥 먹을때 속상햄ㅅ는데 역시나 복희님은 다 계획이 있었지 내가 철이없었지 ㅠㅠ감히 복희님이 반숙란을 한개만 시켰을라고!!!!! 밥 비벼먹는거보고 역시나 햇당 ....김부각에 올린 밥 떨어트리고 혼자 웃엇다 안웃었다...?? ㅋㅋㅋㅋㅋㅋㅋㅋㅋ 아니 암튼간 조합 쩝쩝박사 ..
536,              Kim Cheang            ,I love your  videos Ur so beautiful
537,              NT N Xinh vlog            ,Thích bả như xưa
538,              Rattana Tabta            ,สวย น่ารักมาก 🥰🥰
539,              Shariq Ahmed            ,Boki: Upload a lit and amazing new video here on YouTube 😍🔥🔥🔥💜Me: Smash the like button like it’s a bomb 💣💥😜
540,              itzz.mee_zea            ,❤❤🥰
541,              아가리좀작작나불대라주둥아리뽑아버리기전에            ,족발에 막국수나 당면 가득 드셔주세요!!! 제발료 ㅠㅠ
542,              Angella Nelson            ,Great videos💖💖
543,              mohamedsolsol sol            ,🇪🇬 멋진 음식을 먹는 소리 나는 이집트에서 던져있어.
544,              Su Chin ASMR            ,바삭한 튀긴 음식을 먹습니다. 맛좋은
545,              랜둔쨩            ,흐잉..배고팡..맛있겠다.
546,              김은정            ,복희님 잘 드셔주셔서 보기 좋습니다
547,              Tancy Dey            ,2th 😭😭❤️
548,              펭러뷰펭펭            ,보통 텐동이 밥도 간이 되어있는데 그냥 흰쌀밥이네요??? 집에서 만드신건가...
549,              Ci Priska            ,Boki eonni anyeong^^
550,              Dragonfly Miusha            ,Yey I allways wait for you
551,              Althea Alba            ,Hi unnie boki 😍😍😍😘
552,              지나는 배곺파            ,와 겁나 맛있겠당
553,              MIn Myat Moe            ,can you recommend for your fan korea place and main food
554,              더블브이 ASMR [double.v asmr]            ,복희님 오랜만에 왔는데 안본사이에 더 이뻐지셨네요 ㅎㅎ 역시 너무 맛있게 드시네요.. 텐동에 튀김이 저렇게 많은건 처음보는데 기분탓인가요??ㅎㅎ오늘도 영상 맛있게 잘 보고 갑니다.^^내일도 즐거운 하루되세요:)
555,              Allyna Davis            ,The food looks delicious 🤤😋
556,              Ma Jodi Odesza Lucero            ,ILY boki🥺🖤
557,              Hanna colleen Marcelo            ,I'm early!! ❤️
558,              Paᄅk Jiᄆin            ,Boki I feel you look like ^itzy Ryujin^💗💗
559,              밍나뇽            ,아아-! 온천달걀 밥에 비벼드셔야하는데-!!!!
560,              Nhell Picorro            ,Delicious 😋🤩
561,              이희제            ,배고프다
562,              mery            ,you have a beautiful smile🌷
563,              Mini Kim            ,너무 맛잇겟다 ㅎ 복희님 응원해요
564,              또또            ,보키님 ㅇㅅㅇ 우족찜 어떠세요!!???
565,              Akshu Rane            ,💜💜💜💜💜💜💜
566,              Cuddle钟灵财            ,Yummmmmmmy ^0^
567,              Liahnna Mae Pantas            ,Hi im your new subscriber all the way from Biliran island of philippines. Ive watch lot's of ur video i really like you. You are very beautyful. ❤❤ sarang hye u ❤❤
568,              rajveer mittru            ,Hello beautiful. Lots of love from India ☺.
569,              Ayesha Afrin            ,Looking so good 🤩🤩🤩🤩🤩🤩
570,              라서예            ,음 맛있는
571,              ASHLY FEI PATAUEG            ,안녕하세요 보키
572,              윙크 수정            ,닥치고떡볶이 떡볶이도 정말 맛있어요~^^소곱창떡볶이 로제떡볶이 소대창떡볶이 순대폭탄튀김 맛있게 먹는 모습 보고 싶어용
573,              Wenjan Umala            ,Hello boki... I really love watching you eating❤️😊😊
574,              LOREMAE P. DE ASIS            ,Can't believe I'm watching this at 2 am hahaha
575,              K-POP [케이팝]            ,Looks delicious!.... 🤤❤️❤️❤️
576,              Harien하롄            ,오늘도 잘보구가용♥
577,              Katalina Lemeki            ,luv your vidzzzzzz🥰
578,              ぴかぴか            ,日本では天つゆで食べます🇯🇵🌼🌼💓
579,              •- BlueSquid -•            ,ボキはすべてのようにすべてを楽しんでいます。シーフード。バーガー。すべてのようにうなずきます！( ･ั﹏･ั)
580,              호야            ,맛있겠다ㅠ
581,              Herle Mae Sumiguin            ,"Hi Boki,👋👋🥰🥰❣️❣️"
582,              Emmy Emmy            ,Mukbang indonesia food please...
583,              정은비            ,야채곱창에 깻잎쌈 먹어달라!!!!!
584,              강민주            ,ㅜㅜ 맛있겠다
585,              양희원            ,맛있게 먹네요
586,              Tipparat Glampuk            ,กินน่าอร่อยเหมือนเดิม 🥰♥️
587,              DANA'S DAILY LIFE            ,그...과일먹방해주세요
588,              Ruffamae Bucu            ,Filipino food try it for sure you will love it..💓Im a fan of your..
589,              Shao Yu Wang            ,哇！好想要吃啊😍
590,              charisya icha            ,Indonesia Hadir 🇮🇩👆
591,              Shuraba            ,와 2분전 대박 ㅋㅋㅋ 오늘 야식은 튀김이닷!!
592,              PARK chim chim            ,اللهم اني صائم
593,              YOU志偉            ,現在還有抓到他假吃嗎？
594,              John Ashkell            ,WAAAAA 🤤💕
595,              Diana Dheashinta            ,Crunch crunch crunch delicious ❤️❤️❤️❤️
596,              Taekookies            ,나는 당신의 먹는 쇼를 사랑합니다당신이 먹는 것만 봐도 배가 꽉 차한국어로 좀 나빠서 미안 해요I really love your eating show😍Just watching you eat makes me full😁Sorry I'm a bit bad at Korean 😅😅
597,              현서맨tv            ,맜있게드세요^^
598,              양양            ,헠헠 기다리고있었습니다ㅐ
599,              낭니            ,복희 선생님 혹시 어디 텐동이며 어디 김치우동인가요 저 진짜 너무 먹고싶어요
600,              Myrtó            ,💖
601,              Black Cat            ,"ซับไทยทำออกมาได้ดีมากเลยนะ เข้าถึงอารมณ์เลยอ่ะ555 พี่เค้าทานได้น่ากินด้วยจัง🤤ว่าแต่ มีคนไทยมาเม้นท์บ้างรึยังนะ🤔Oh! I come from Thailand.I like you video so much 💖💖( sorry, I so bad english.)"
602,              Simin Mhate            ,Why the hell I'm watching this I'm fasting 😭😭and I'm hungry as hell😞
603,              Kyubi Rowie            ,I love you Boki💖
604,              Sudenaz Aydın            ,Oruçlulara selam kxkdkdkdkdk
605,              HY C            ,와 맛있겠다... 근데 볼때마다 신기한게 어떻게 다 드시는 거에요???
606,              갑오징어            ,디저트 39 먹어주세요!
607,              한서인            ,맛있게 먹는 영상 보게 되면 기운을 받아서 잠재의식으로..  그런 음식을 먹게 되는 행운이 있어요 ~ 감사해요 ^^
608,              진            ,아무래도 좀 느끼하긴 하신가보네 콜라두캔...ㅠㅜ
609,              김수연            ,"언니,마지막으로,말할게,나,그녀를,사,랑해요,진짜 예쁘고 복스럽게 아웅 잘 먹어 아웅 아웅 웅"
610,              Anaru x10            ,Kia ora from New Zealand 👋🇳🇿
611,              forever            ,터키어 자막을 넣지 그래 난 항상 널 봐 🇹🇷🇹🇷🇹🇷🇹🇷🇹🇷🥺🥺🥺🥺🥺🥺
612,              Leiy Piad            ,Kain muna bago mag comeback 🤧
613,              Krystell Jade            ,Loveyouuuu!!
614,              นานา เด็กใต้            ,น่ารักมากค่ะติดตามมานานแล้วค่ะ😊😊
615,              rdioe            ,LOOem reda 😋
616,              LOLOSAN099 unu            ,❤️❤️❤️❤️❤️
617,              Alexa Serjas            ,iloveu bokiii~Philippines
618,              SONE TAEYEON            ,I just finished eating but here I am
619,              임아윤            ,안본사람은 있어도 한번만 본사람은 없다❤❤❤
620,              Num molly            ,ติดตามทุกคลิปเลยค่ะ😍
621,              Okabe            ,Crypsy outside and Enoki inside haha 😂
622,              ねこ            ,tendon is  Japanese food😍😍😍
623,              이지수            ,문복희 먹방 소리가 너무 좋아요~❤️
624,              Kristine Casipe            ,Boki 😍
625,              Samantha Galvan            ,Todo se ve delicioso ❤
626,              Azelvia Mufti            ,Tolong ini translate nya kaya bahasa gaul indonesia wkwk
627,              Syaeyan Nicole            ,You sow beutiful boki ilove you sow much ❤️❤️❤️❤️
628,              Thảo Nguyên            ,Trừi ưi h này coi hok khác nào tự tra tấn mik😌
629,              Lan Hankok            ,Hi chị yêu(●´з`)♡
630,              Taekookies            ,Fan imnida
631,              함현빈            ,0hyunbin4 인스타 좀 받아주세오오오 누나ㅏㅠㅠㅜ
632,              Kathleen !            ,Hello Boki 💖
633,              기미상궁 [강터리] MJIS            ,후후바사삭 츄루룹 콤비네이션 좋아요😲
634,              Daisy mae cahulogan            ,Wow🤤🤤
635,              Charina Absin            ,Every night present 😁
636,              Crave with Cris            ,Beginner here... hope to improve one day.. 😊🙏
637,              Catherine S. Boarao            ,BOKI!! 🤍🥺
638,              ぶんぶん            ,天丼美味しそう🤍
639,              Forever A Lister            ,Korean food 😋
640,              paster Francis            ,Love this yummy ❤
641,              Ranzelle Roxas            ,Yummy😍
642,              Rakesh Verma            ,Looking so delicious😍😋
643,              --            ,Dae-bak 🍙🥘
644,              Olguita Alarcon            ,Genial  🇨🇱
645,              닉즈 만들고싶다 곰돌봄이            ,우와아 맞있겠당 ㅠㅠ 잘보고가욤
646,              자양동불주먹            ,판매하는건가요? 아니면 직접 만드신거예요? 판매하는거면 지점도 알려주세요 ㅠㅠ
647,              陳勝偉            ,🥰💕👍
648,              오우좋구요            ,복희 특징 : 김치우동 잘먹음 ㅂㅂㅂㄱ
649,              Salma Azkya            ,♡♡
650,              이정원            ,복희웅니.. 다음엔 차돌짬뽕먹방 보여주새요.... 차돌짬뽕 아니더라두... 짬뽕!!!
651,              Winda Nurh            ,ni org mangapnya gede bgt tapi muka imutttt😁
652,              지명진            ,오늘. 영상 진짜 소리 대박
653,              Akim Hmangte            ,Looking yummy
654,              آبـಿـن آلوفـಿـة &            ,❤️❤️
655,              Kim덩희            ,조합천재 보키 ❤️ 조용히 보는 한국팬들도 있어요 그건바루 나 !!!🙋🏻‍♀️ 흿
656,              Mary Kim            ,I love Boki ASMR💖
657,              도토리            ,앙 보키띠
658,              무케            ,야무지게 드시넹
659,              Hfjdhrh Vdhh            ,💞💞
660,              omabed bakri            ,🧡🧡🧡🧡
661,              pink punk            ,언니 짱!! 💓 저 제일 좋아하는 유튜버
662,              りり            ,甘い漬けダレみたいなのかけてるのかな？天つゆかけてあげたい！
663,              Brigita Yevi            ,can you tell me..what brand of lipstick are you using in this video?thanks....❤️❤️
664,              Modesto Sampaga            ,Hello boki!!
665,              Yeonsu            ,Böcük yerim seni çok tatlısın
666,              체리            ,진챠 볼때마다 궁금했는데 입술은 어떤 립제품 쓰세요!!!!! 립만큼은 복민수 할꺼야요❤
667,              Bushra Khan            ,Next video Enoki mushroom🍄🍄 eating please
668,              Airin            ,Hai eunnie😊Udonnya pasti pedes banget ya🔥dan udang gorengnya renyah banget..kriuk😋 dan Airin juga suka abalon goreng dan panggang dicocol dengan saus mayo😋yummmy🙏🏻 Sehat terus eunnie dan terimakasih videonya😊🙏🏻🦐🐌🍷
669,              real chan            ,Nakakagutom 😊
670,              Pasha Ardiansyah            ,Terpesona.🤤
671,              Енлик Жумабек            ,9 секунд назад 🥳😍🥰😘
672,              Have you seen Taehyung's bag ?            ,Uhm...Am i the only one that remembers her background to be a different colour?
673,              Starrysié            ,We came right away Boki I love you so much you're my favorite asmr channel I've never seen better than you you are the best asmr channel I hope you like my comment  Boki
674,              Gmailgg Mhj            ,I'm torturing my stomach but the worst part is I am fasting
675,              Loveyou Loveyoutoday            ,ผมรอดูคลิปคุณอยู่ในที่สุดก็มาคุณสวยจังวันนี้😙😙😙😙😙😙😙😙😙😙😙😙
676,              chichi brusola            ,hellloooooooo boki😍
677,              Sangay Dorji            ,Love you boki. Biggest fan of your
678,              Astii17            ,Hai boki I'am from Indonesia❤️
679,              Maddison CUPCAKES            ,Hellooo am here
680,              Iin Rosalina            ,hi boki i'm from Indonesia 😻
681,              Татьяна Гнедаш            ,Вкусняшки
682,              ゆきゆき            ,今日も可愛い❤️🇰🇷
683,              jennaiiy            ,Boki night!!
684,              Shifa Shahine            ,❤️
685,              Kian Ygot            ,yehe
686,              Nyubi Antoro            ,❤️❤️❤️ 🙏
687,              Juicy Jones            ,♥️♥️♥️
688,              Sunipah ipah az09            ,♥️♥️♥️
689,              grace desilva            ,❤
690,              Slowly ?            ,Boki is baaaacccckkkk
691,              ROMS ROAN            ,Huwa....🤤
692,              하린            ,언닝
693,              astig tv            ,yummy you're making me hungry
694,              아기공주            ,텐동 어디꺼에요 제발알려줘요
695,              Avantika Ashok            ,I am a boki fan from India❤️❤️🤗
696,              BLACKPINK BEAUTIES            ,Please make a video on Indian food 🙏🙏🙏🙏🙏🙏🙏🙏🙏🙏🙏🙏🙏🙏🙏🙏
697,              陳映靜            ,Every time I see the boki video I think I am so hungry 😋😋😋
698,              Santi Nistha            ,Wow... I'm hungry 😣 as hell
699,              Haruhi Fujioka            ,Yummy.Great enjoyment to eat💕🤤😋😍😍😍🤩🤩🤩❤❤❤❤❤❤❤❤❤
700,              아프리카 청춘이다            ,라멘도 먹어줘용 🙏🏻😍🙏🏻😍
701,              Sherry Stutts            ,Looks good
702,              ちいたろ            ,いつもご飯は自分で作っているのですか？ふと気になりました😍😍いつも美味しそうで素敵です✨日本の食べ物を食べてくれてありがとう🍚🇯🇵
703,              arianne fe quilantang            ,❤️❤️❤️
704,              Zel Valdez            ,❤️❤️❤️
705,              Safira Jamur            ,Haiiii Boki
706,              verde            ,먹을때 표정이 예전같이가 않아보여요
707,              I CY            ,👍🏻😍
708,              Dana_ 1            ,I lovee yyoouuuu😭😭💖
709,              hiba            ,"Um, delicious haha 😋"
710,              Jernielyn Jamolod            ,Yum yum 😋
711,              Vishnu Preetha VM            ,Boki complete udayppa .video edit cheyunund. Chavacha fud irakkunnathay kanunundo. Aa place cut chyum. Pinne talent evde nn choicha chavacha fud thupiya shesham veendum same position il aanu irikunnath. Athukond ellarum viswasikunu.avalk pattumengi timer vach thinnatte. Theetipandaaram
712,              yrrr j            ,복희님 항상 화이팅!!👍❤💫
713,              yandy Reyes            ,Que rico mientras me como una arepita con queso me imagino eso deliciosoo
714,              DarkBlue_ RBLX            ,Second <3
715,              Diana Dheashinta            ,720p for Boki enjoying the meals ❤️
716,              Mizuki            ,Wow 11sec ago🤭💕
717,              Dewi Sholeha            ,"Seneng bgt liat boki makan, bikin laper..🤩😁"
718,              5:14            ,boki's mukbangs > studying
719,              Mashael            ,Omg 1st! Love you boki! 🥰
720,              Angkana Sornchai            ,อยากให้มีบรรยายเป็นภาษาไทยจังค่ะ
721,              Nemia Bogtong            ,Always beautiful boki👩‍🦰🥰❤❤❤ the one and only queen 👸🥰❤❤❤ of mukbangers❤❤❤
722,              베키            ,짭짭쓰!
723,              ShoShoKooK            ,✨❤️BOKI❤️✨
724,              Radha Guruswamy            ,Sound is perfect 👌👌
725,              KIᗰ ᑫᑌTᗩఌ            ,زییادکردنی ژێرنوسی کوردی ناوەندیADD subtitles kurdishcentural pls
726,              Енлик Жумабек            ,Первый 🥰😍😘😘
727,              Rei jemu            ,"I always watched Boki first before eating, so that i can gain more weight because my weight is 45kg. I starved myself first by just watching her lol"
728,              หน่องแอ๋ม อุอิ            ,So yummy 😋
729,              角田実紀            ,韓国の天婦羅はフライですね。日本の天丼小麦粉玉子お水で溶いて素材を揚げると美味しいですよ☺️
730,              vladimier Bacani            ,So yummy and delicious.
731,              Hyeonseop Lim            ,누나 사랑해
732,              byun Sehun            ,nahlo pada nonton pas puasa
733,              한서인            ,맛나게 복스럽게 드셔서 복이 만땅 들어오는 듯하네요 ~^^
734,              KØÝĀ_21            ,💘
735,              김민준            ,나라버린 유투버를 왜 보는거지??
736,              차부장            ,한국어를 찾고 있나 자네?
737,              NlE Gaming            ,❤️ Boki
738,              surya surya            ,ngilerrr
739,              박서현            ,닭갈비에 콘치즈 먹는 영상 지웠나여?
740,              Richard Gomez            ,🤩😋😋😋😋😋😋😋😋😋😋😋 Want some Kinchi Udon!
741,              ROSÉ BLACKPINK            ,Love Boki❤
742,              Afrin Khan            ,Hey boki
743,              nick gamingPH            ,💖
744,              MQXSR ّ            ,احم
745,              heyo            ,who is watching this during Ramadan (IM EARLYYY!!!)
746,              Томочка            ,👍🏵💮💐🌺🌺🌹❤
747,              our alivfiatin            ,Omggggg
748,              Souzan Akoum            ,I love you so mush❤❤❤❤❤
749,              LOLOSAN099 unu            ,😂😂😂😂😂
750,              Jareccy Fernanda Pérez Flores            ,Sos muy bonita 😭
751,              Asmaa Azraq            ,😋😋😋😋😋😋
752,              Walaa Lolo            ,بدنا ترجمة عربية
753,              Celeste Pupiales            ,I LOVE YOUR VIDEOSI AM HAPPY AND IT REMOVES MY STRESS TO SEE THEM
754,              Clarissa Valentina            ,"Apa kamu tidak mencoba makan di atas wajan panas, seperti nya akan semakin seruu 😳"
755,              ひらいもも            ,最高！
756,              Jaedine Belen            ,Omg hii
757,              Fucking China            ,"Hey, guys, he's not gonna do a live broadcast just because he eats and spits, you know that's all right?"
758,              ᄒ블링크            ,3등
759,              ดัทช์.            ,Like Boki so cute 🍅
760,              Nilam Khedekar            ,Love you😊😍
761,              Athena Spencer            ,❤❤❤👋😁
762,              love            ,it looks very delicious
763,              Ayesha Abadon            ,Omo😍
764,              한정식            ,먹고 있는데 왜 눈은 다른 쪽??
765,              Malak Ahmed            ,Who's also watching this while fasting?!?!?
766,              あ。あ。            ,ITZYのリュジンちゃんにそっくりですよね！！！
767,              นพมาศ สังข์ทรัพย์            ,ซับไทย
768,              Blesed Paye Cayas            ,Bokiii ❤️❤️❤️
769,              ayu aprilia            ,👍
770,              찌니어리            ,최고에요
771,              Toka __Chan            ,"Can you try Saudi Arabian food, please🥺"
772,              I U            ,天丼にふりかけかけるんだ！
773,              Magiie Hernandez            ,Super variedad de comida😋🍝
774,              기묘            ,이 텐동집이 어딘지 알고싶네요~~ ㅠㅠ
775,              상현            ,저 시험칩니다
776,              Daniela Gomez            ,Primer comentario en español. Bokki es la mejor.
777,              behlül gül            ,oh oh yarasın koçuma🤌❤️😍
778,              小松菜奈            ,天ぷらは醤油で食べたらあかん！天つゆや！！
779,              Mariane Sison            ,Wahhh so yummy food
780,              Lila Sari Viibryd            ,"i love her, she’s pretty too.. i wonder how slim mukbangers stay slim hehe"
781,              Indira Moldasheva            ,Ураа
782,              Aysel            ,🇹🇷❤️❤️❤️
783,              Nhi Hồ            ,I love you from vietnam🇻🇳
784,              밍잉앵            ,쮀엣ㅅ; 다이어트 끝나면 먹어야겠노
785,              혜린            ,1빠
786,              Lan Hankok            ,\ʕ•ﻌ•ʔ/thật tuyệt vời.
787,              KA TO_            ,天つゆでも食べてみて❤︎
788,              C            ,👍🏻
789,              Radha Guruswamy            ,Nice😋
790,              James Bond            ,"I'm not inspiring about the bulk of diff.foods w/c it's too yummy?but I'm I'm  excite upon your beauty,!can u go w / you a dinner"
791,              Pujiyani Yanipuji            ,I'm from Indonesia 🇲🇨✋
792,              Keisha Mae Jamero Lumahang            ,I'm always here to support my queen boki🦋🦋🦋🦋🦋
793,              Keerthi Jayesh1234            ,Boki❤️❤️😘
794,              Lily Cl            ,With what do you film yourself
795,              Vaishali Kshirsagar            ,Hello boki
796,              Shamyra Hodges            ,BOKI! BOKI!I LUV YOU!!!!!!!!!!!!
797,              Demie Jane Palayon            ,😋😋😋
798,              Nymka Gombo            ,i love you😘
799,              ʀ ᴇ ᴀ ʟ ᴀ ᴄ ᴏ ʀ ᴛ ᴇ            ,😍😍😍😍😍
800,              Gege cs            ,Laper bukk mana lagi puasa
801,              Lin da            ,❤💛💚💙💜
802,              Caitlyn Lang            ,MMMMMMMMMM
803,              김쏘피            ,안보고싶은데  왜자꾸뜨나
804,              Lizzy Woodhouse            ,I had to google tendon because I kept thinking of anatomy...
805,              Eru Saputra            ,Wah temboloknya gede juga uhhh
806,              Cicisri Mulyati            ,ga ada tempe goreng yaa
807,              Amar hijrat bin Abu samah            ,😘❤🥰😋😋😋😋
808,              yaoi aliii            ,❤️
809,              Jernielyn Jamolod            ,iLoveyou Boki ❤️
810,              Bona Spring            ,Second😂😂😂
811,              Shalini Shivakumar            ,Wow boki kimchi💕🤩💕🤩💕
812,              Z.S Eating show ASMR            ,wow amazing video
813,              Niles Gleichmann            ,who else watching in ramadan
814,              299리 루비            ,🥰🥰🥰🥰
815,              Mhae Apacionado            ,HIIIIIIIII
816,              Boss J&D            ,I love u boki
817,              Ytrang_đây            ,Mlem mlem
818,              菜々            ,日本語でもテロップ入れてほしい🥺
819,              스무스            ,"오늘도 영상 켜자마자 한국인 찾기,,, 실패"
820,              Phương Nguyễn            ,Hiiii
821,              basma hasan            ,Lav yoo
822,              Thảo Trang TV            ,Bt là lừa á nhưng vẫn coi
823,              Chicken Man-치킨맨            ,"I'm chicken man. I'm uploading videos one by one, believing that I'll become a famous eating YouTuber like Boki. Thank you for being such a good example.😄😄😄"
824,              Dikshitha.R            ,1st comment u look so beautiful
825,              Michelle Ann Buenaventura            ,Bokiiiiiii!!!!!!
826,              Masrevi Yuliandri            ,Emgnya bener dia suka muntahin makanan ?
827,              Mr Beast Channel            ,So Delicous 🛀💋💘
828,              Eat with Mohsin            ,Why Does This Looks So delicious 😭😭 The Way You Eat!!!! So Tempting 😋🤩♥️
829,              ted bear            ,😋
830,"              민지, 이릉            ",😚😚😚
831,              Jui akter jui Jui            ,Hi eaitng show asmr eating  beautiful waoo nice 🇧🇩 happy good day haaaaaaaaa 🇧🇩 Nice Nice Nice
832,              moonlqghts            ,Imagine getting heat from boki🙂
833,              sidra dana            ,I like you boki♥️ first mukbanger in the world 🌎
834,              Chanyin 2009            ,Boki❤
835,              Urvi Hagavane            ,Please try indian food ❤️❤️❤️
836,              Iksan Firmansah            ,❤️❤️❤️❤️❤️❤️❤️❤️❤️❤️❤️❤️❤️❤️
837,              Boom 's            ,Im french and I love your channel 🥰😂
838,              its pani            ,aku jadi lapar😭😭😭❤️❤️❤️
839,              Salt&Pepper ASMR            ,Who else wants to eat what Boki is eating? Me!!! 👇👇👇
840,              Marami Marami            ,I'm first✨
841,              kageyana uwu            ,So yummy Boki 😊🤎
842,              Z            ,love you boki
843,              아니우다 aniuda            ,😀🤟😃
844,              Belle Recalde            ,I'M EARLY OMGGGG
845,              Agatha zoey Zabala            ,So satisfying
846,              the science world            ,Hi Boki iam your biggest fan
847,              ROJBİN EĞE            ,Merhaba❤️
848,              Klhery            ,Now I'm hungry ...
849,              魚安安            ,"안녕하세요. 저는 대만에서 왔고 여러분의 영상을 많이 봤습니다. 전에 가짜 음식을 먹었다 고해서 놀랐지 만 저 같은 진짜 사람이 있어도 정말 좋아해요. 당신과 나는 두 가지 특별한 비디오 클립을 확인해야합니다. 그것은 매우 어렵습니다. 난 그냥 열심히 영화를 만들 수 있도록 뭔가를 먹을 필요가 없다는 것을 말하고 싶다. 마찬가지로 나는 다음 날까지 식사를 마칠 수 없습니다,이 수도 하룻밤 음식을 좋아하지 않는 사람 수. 요점은 심지어 나와 함께, 나는 아직도 너무 많은 당신을 사랑한다는 것입니다. 나는 심각했다"
850,              angie lee            ,Deep fried crispy u cooked or bought?
851,              Global Foodie ASMR            ,Yummmmmmmm
852,              Ms Apple apple            ,i love boki
853,              dibyashree Bora            ,Dont know about others but my Left ear hurts by the sound of pouring coke. But i love watching her😌
854,              김동일            ,궁금해서 그런데 저렇게 많이먹고 위가 안좋다거나 하진 않으세요?걱정되는데
855,              Adrian De Vera            ,I love you so much
856,              Raymond Sanjose            ,Boki am a fan i need help i hope you read my comments 😊
857,              皇.            ,和食だ〜！って思ったけどふりかけぶっかけてたりコーラ飲んでたり素手で食べてたりで、いろんな国の人に「これが天丼」って思われるのか？と思ったらちょっと残念かも。めっちゃいろんな種類あって美味しそうだけど！
858,              quraisha            ,Your face look like ryujin itzy..
859,              Friendly Love            ,Боки зачем так много кушать то)
860,              Michelle Herrera            ,Me gusta cuando comes pastel xd
861,              Rithya Saji            ,👑 boki
862,              MANAL HAZRAT MUHAMMAD            ,Ahhhhhhh
863,              ROJBİN EĞE            ,Merhaba❤️❤️❤️
864,              Margareta Margareta            ,Hai mba boki saya suka makanan nya lop lop
865,              sofiita            ,hola algún comentario en español? JSKJSJS
866,              정다운            ,누님 못 보던 사이에 살이 좀 찌셨넹
867,              Aamina i guess            ,Ouh early 😃
868,              Ardina Febriana            ,Second 🥈
869,              뇌가있긴하냐?            ,몇주안본사이에 살좀찐거같네
870,              강빈            ,0:53 start eating
871,              wx_rosex            ,Abla bir günde kebap yermisin.
872,              Obito Uchiha            ,Russian subtitles please!!!
873,              Zana Ro            ,Boki eating is the best
874,              Ming Ben            ,坚决打击👊她的假吃，浪费食品，🈚️🈶️职业道德。
875,              Ming Ben            ,坚决打击👊她的假吃，浪费食品，🈚️🈶️职业道德。
876,              AXID YT            ,bigfan
877,              L3g1t            ,👽
878,              — Peachy peach            ,Help me I’m hungry 😣🤤
879,              chellenging girls            ,Biggest fan
880,              chie s            ,おいしそう🤤❤️
881,              THUNDER SHADY            ,Hii boki.... I really love your one shot mukbang your reactions are amazing ❤️❤️❤️❤️..... nd love you so much... Can you please on thier comment section..🙏🏼🙏🏼🙏🏼 I love your rections in one. Shot .. videos ....❤️❤️❤️
882,              Maureen Grace Rabino            ,Watching at 12 a.m. 😃😃😃
883,              Reesha Zargar            ,Amazing
884,              tajana Tesan Tomic            ,Hi i love you sooo much
885,              공유찬            ,난이제 복희용서함 글고 넘맜있어보임 ㅋㅋㅎㅎ
886,              Van Tai            ,Ngon quá🇻🇳🇻🇳🇻🇳🇻🇳🇻🇳🇻🇳🇻🇳🇻🇳
887,              Respect SuperhandsomeJungkook            ,Jangan sampai ambil bukti lagi lagi ini haters
888,              Oh me Art lover            ,Can you eat Indian food next please..
889,              Isak Permana            ,Enak kali ya
890,              Lê Mẫn            ,.
891,              Kaniz Fatema            ,I'm a international fan of boki . Is you a international fan of boki
892,              MHD GAMER            ,Boki is my favourite
893,              lola            ,I am fasting 🤐
894,              夏日れもん            ,日本で天丼にふりかけをかける文化はないから。他国の人達誤解しないで。
895,              아뉜뒈에붸베베            ,항상 맛있게 드시고 항상 예쁘시고 음식 조합도 참 좋고 가리는 것 없이 다양한 음식 보여주시고 소리도 너무 너무 좋은데 당당하게 보기엔 아직 뭔가 좀 찜찜해...
896,              Alexia            ,Love u boki ❤️ wow amazing food darling
897,              Elen Melkumyan            ,"i like u too much, but how u can eat too much and do not get fat)))) what is your secret?"
898,              AJ YT gamer            ,First comment ❤️❤️❤️❤️
899,              Ebrar Tuzgöllü            ,Orucluyken bunu izliyorum çünkü ben bir malım
900,              いえろーひまわり            ,スプーンめっちゃ長いしでかい笑🥄韓国のってそうゆうものなのか
901,              Crazy granny            ,"WOW! Girl, how is it U don't weigh 200 lbs ? I can just look at food and gain 5 lbs.🦊🦊🦊"
902,              Amor Lapas            ,Her shirt was the same as last week ...
903,              のはらしんのすけ            ,飲み込む時のカットが多すぎる…
904,              ana toledo            ,Se olvidaron de los subtítulos en Español 😖
905,              dita foxx            ,She’s a messy eater today lol
906,              Edza Pangilinan            ,I love watching you
907,              Eman. Eletr206            ,Do you really eat all of these huge amount as a meal in one day
908,              милана Висханова            ,О
909,              Jui akter jui Jui            ,খুব ভালো লাগছে ওয়াও আর নতুন কিছু open koro channel open koro sisters ooooooo 😀 nice 🇧🇩🇧🇩🇧🇩🇧🇩🇧🇩🇧🇩😀
910,              Nida Javed            ,Woo~ I'm the first 😝
911,              Rina Sirak            ,boki
912,              greysell Gómez            ,Alguien en Español 🤭
913,              le wolf            ,Big bites : I am i jock to you
914,              Vungsonkim Tangpua            ,Your the best
915,              Jui akter jui Jui            ,Nice nice Nice
916,              LOLOSAN099 unu            ,هاثولحعاثث
917,              7 •Ami            ,Your interpretation is the same as that of Vietnam
918,              김건영            ,아니 삼키는거쫌 보여봐 삼킬때만 편집 ㅆ 오지네
919,              Crafty Confections            ,My kids love to watch you eat!
920,              wo0bear _            ,omg tendon is one of my favourites!
921,              Oli G            ,i dont know if frying enoki mushrooms is good idea i mean theyre so soft and batter killing their taste😆
922,              chellenging girls            ,Who like boki video
923,              Angelica Solomon            ,Titan's mouth 😅
924,              みんゆん            ,日本来て欲しい
925,              pardon?            ,WHO LOVES BOKI? ❤️
926,              aldana            ,boki i love you u know
927,              aung zaw            ,Ramadan
928,              あなたのオレオとります            ,I love you Boki
929,              อานิสา โพธิโรจน์ 41            ,sub thai :'(
930,              Jaezel Parrera            ,I'm so early
931,              Hara Lee            ,Hi Boki's fans👇
932,              Sahar Adiban            ,"Hi,I'm Iranian"
933,              ASHLEY VENCITO            ,Wow!!!
934,              Lily Cl            ,So cool
935,              Hanna Sabado            ,Hi boki.
936,              Asllie Nicdao            ,hi bokii
937,              Mj Manansala            ,boki wants to laugh😭😭
938,              Raz Raz            ,Omg🥺🙃
939,              Naz Koca            ,Ok guys I'm hungry
940,              Yareilis Santiago-Campos            ,for some reason there should be a boki cult...just saying...
941,              Jisoo Is jisoo            ,Second and hi
942,              Sonia Briceñp            ,Será verdad que le cabe tanta comida
943,              Nadhifa Aqma            ,1 minutes ago😜
944,              えり            ,どんどん大食いになってる？
945,              Chen Fei            ,I love u
946,              井上かおり            ,うどんが辛そう
947,              ورده الانباري            ,Hello😊😊😊
948,              Denise Kün            ,Hi!
949,              Rohini            ,50 percent coke 50 percent water
950,              экспериментный канал            ,I love you
951,              Тимур Джураев            ,I love you
952,              Тимур Джураев            ,I love you
953,              เม วิลา            ,Thai translate please
954,              ゆさん            ,ご飯粒めっちゃ残してて不快でした
955,              Lidelet Bonifacio            ,Gooooooooooooooood
956,              basma hasan            ,good
957,              lolipuffs            ,earlyyy!!
958,              DREW YT CHANNEL            ,I cant comment in your video but i can comment here 😀
959,              こなSUN            ,天丼だ
960,              Charlotte Queen            ,Yum!
961,              Mahendra Pratap Singh            ,Ma'am try india food
962,              ささふな            ,さくさくだけど手作り？
963,              Astha arobi            ,you will must try Indian food
964,              Blanca Ramos            ,Me encantan tus videos
965,              fiyyna            ,19minutes ago...😩
966,              Umme Aiman            ,What is the fried food platter called?
967,              Vera Nvchks            ,"quer empilhar um monte de comida pra poder encher a boca que ela acaba caindo,,não te preocupa que a comida não vai fugir."
968,              L f            ,Love tempura.  The fish and veggies all look greasy.
969,              Frau Chen            ,Omg one day you’ll get gerd. I’ve just recently been diagnosed with gerd cause my favourite thing in the world is fried and SPICY food. Please eat moderately
970,              Poonam Parashar            ,Please you will try indian food
971,              Dıljin Bilge            ,Hi.
972,              Nicolas br            ,Te amo
973,              ธวัลรัตน์ ธงชัย            ,I like to watching you
974,              Vậy Người ta            ,Why are you not fat ? 😅😅😅
975,              samaya hall            ,this early
976,              ぬぬ            ,天丼、どんぶりの大きさと天ぷらの多さでデカ盛りか？と思ったけど、ご飯の量はそんなんでもないのかな？
977,              다원            ,왜 여기는 라방을 안하나요?
978,              Wang Yirenie            ,Takoyaki pls
979,              Kui Mohnyuk            ,Early!!
980,              Emblerla            ,How many international Boki fans 👇Love you Boki 😊💛
981,              Ahhlexx Benitez            ,Earlyyy
982,              prutha Vakharia            ,Please please please please please please try indian food please
983,              Angelyn Suarez            ,Hi boki
984,              Kris Anne Piaje            ,Hi boki
985,              fly            ,13 s ago
986,              Надюшкина Жизнь            ,Не дури людей
987,              AnyaFlowers! Sushi :3            ,hi
988,              Good family            ,1 comment💬
989,              AJ YT gamer            ,Hi
990,              chanelt sanchez            ,🤢🤢🤢🤢🤢🤢
991,              FAI WATCHARAPORN            ,HI
992,              AJ YT gamer            ,Please say hi
993,              a n            ,ごはん粒の残し方がいつもより汚いな？！？！
994,              Aryan Singh            ,"Pin this comment, I am from INDIA 😊"
995,              Ghulam Abbas            ,Whenever you again uploade the  same video then comments are turned off !!! 🙄🙄 what's the problem ????
996,              Brittany Mendez            ,Second
997,              Michaela abarico            ,Hi
998,              Cassandra Nicole Tunay            ,i liked the moment you droped your food
999,              porjailovely chanel            ,Ninth
1000,              ゆづき            ,ふりかけのかけ方雑すぎる食べ物を粗末に扱い不快もっと大切に食べてほしい
1001,              Tika Mamy            ,É magra de ruim viu...😳
1002,              gpdlffl qkr            ,긍데 무편집본이면 편집이 필요없는데 왜 한꺼번에 못올리는거임..?
1003,              김석진김석진은 잘생겼습니다            ,BOKKIII HIII
1004,              シꨄ ᴍᴇʟᴏᴅʏ ꨄシ            ,e
1005,              Khaled alwadaani            ,First
1006,              Sabrina Mounts            ,don't listen to the haters. you're literally the queen
1007,              Lucia Blanco            ,🤮🤮🤮
1008,              Nansbbgrand            ,"I must tell you, Boki, I really don't like you new videos on  alternate days, where it's (Not ASMR), and you're not texting anything to us, and connecting with us like you always have. But fixing your lipstick, and things, primping in the mirror, behind the camera, I guess. I like it much better when you're just, as if, dining right along with us, enjoying your yummy meals, letting us know how it tastes.. acting like you're at the dining table with us. You wouldn't fix your makeup, and worry about your appearance at the dinner table, would you? Please.. Go back to being fun, and fantastic feasting on your FOOD! LOVE you, Boki! xoxo"
1009,              용사            ,다 뱉을거면서 아직도 방송하네 에휴ㅉㅉ
1010,              mooo mu            ,これを天丼と言わないでほしい。全くの別物。揚げ物丼だろこれ
1011,              ItzNala!            ,HII can u please ping me
1012,              Sharon Begum            ,Not you again fulling the public Boki
1013,              Alien X            ,Mó Fome
1014,              ka zu            ,キムチうどん、ほとんどスープだけじゃん。天孫のご飯も普通の約一膳分だし。器だけ大きくして大食いに見せかけてるだけじゃん。炎上前はもーっと食べてましたよね？　あ、あの量は巧妙な「カット」ありきでしたもんねー。
1015,              Katherine A            ,"Not a judge, but prefer not to have 'haa' sound after each drinking,  it ruins the whole asmr"
1016,              Theresia LHP            ,"So don't make the eating scene too weirdthe point is just enjoy the food by eating it properlyYou don't need to make an attraction that isn't funny but makes you look silly with your eating styleooohh my GOD......it's not funny but it's ridiculous hihihi"
1017,              Sultana E Monjerina            ,Why u just edit at the moment of swallowing?? U chew all the foods  but when  its time to swallow i found u to take the next spoon..just only liquid foods u drink. why? Is it only me or anybody else?
1018,              zippo1213            ,먹다 토할거면 쳐먹지 마세요 ㅡㅡ
1019,              小熊            ,🤮
